Workbook

Sheet Excluded_Terms
A1: {=_xlfn._xlws.FILTER(sonificationORaudification!A1:'sonificationORaudification'!A202,(sonificationORaudification!C1:'sonificationORaudification'!C202="N")*(sonificationORaudification!G1:'sonificationORaudification'!G202="Missing"))} -> Mycotoxins in Agriculture and Food | B1: {=_xlfn._xlws.FILTER(allTerms!A1:'allTerms'!A202,(allTerms!C1:'allTerms'!C202="N"))} -> Ultrasound and Cavitation Phenomena
A2: Adsorption and biosorption for pollutant removal | B2: Ultrasound and Hyperthermia Applications
A3: Nanoparticle-Based Drug Delivery | B3: Carbon Nanotubes in Composites
A4: Luminescence Properties of Advanced Materials | B4: Advanced Polymer Synthesis and Characterization
A5: Drug Solubulity and Delivery Systems | B5: Ultrasonics and Acoustic Wave Propagation
A6: Immune Response and Inflammation | B6: Analytical chemistry methods development
A7: Postharvest Quality and Shelf Life Management | B7: Anaerobic Digestion and Biogas Production
A8: Ion channel regulation and function | B8: Algal biology and biofuel production
A9: Advanced Proteomics Techniques and Applications | B9: Photosynthetic Processes and Mechanisms
A10: Bacterial biofilms and quorum sensing | B10: Advanced Cellulose Research Studies
A11: Surfactants and Colloidal Systems | B11: Lipid Membrane Structure and Behavior
A12: RNA Interference and Gene Delivery | B12: Soil and Unsaturated Flow
A13: Platelet Disorders and Treatments | B13: Biodiesel Production and Applications
A14: Advanced Drug Delivery Systems | B14: Acoustic Wave Phenomena Research
B15: Orthopedic Infections and Treatments
B16: Soil Carbon and Nitrogen Dynamics
B17: Nanofluid Flow and Heat Transfer
B18: Aquatic Ecosystems and Phytoplankton Dynamics
B19: Oral microbiology and periodontitis research
B20: Mitochondrial Function and Pathology
B21: Polymer Nanocomposites and Properties
B22: biodegradable polymer synthesis and properties
B23: Cinema and Media Studies
B24: Underwater Vehicles and Communication Systems
B25: Membrane Separation Technologies
B26: Essential Oils and Antimicrobial Activity
... B57: Bee Products Chemical Analysis

Sheet allTerms
A1: name | B1: count | C1: Include? | D1: Note
A2: Tactile and Sensory Interactions | B2: 1456 | C2: =VLOOKUP(A2,sonificationORaudification!$A:$D, 3, FALSE) -> Y | D2: =VLOOKUP(A2,sonificationORaudification!$A:$D, 4, FALSE) -> 0
A3: Music Technology and Sound Studies | B3: 906 | C3: =VLOOKUP(A3,sonificationORaudification!$A:$D, 3, FALSE) -> Y | D3: =VLOOKUP(A3,sonificationORaudification!$A:$D, 4, FALSE) -> 0
A4: Hearing Loss and Rehabilitation | B4: 255 | C4: =VLOOKUP(A4,sonificationORaudification!$A:$D, 3, FALSE) -> Y | D4: =VLOOKUP(A4,sonificationORaudification!$A:$D, 4, FALSE) -> Chris: Includes sonification handbook! Carol: papers broader than topic would suggest and include sonification
A5: Human-Automation Interaction and Safety | B5: 233 | C5: =VLOOKUP(A5,sonificationORaudification!$A:$D, 3, FALSE) -> Y | D5: =VLOOKUP(A5,sonificationORaudification!$A:$D, 4, FALSE) -> 0
A6: Multisensory perception and integration | B6: 164 | C6: =VLOOKUP(A6,sonificationORaudification!$A:$D, 3, FALSE) -> Y | D6: =VLOOKUP(A6,sonificationORaudification!$A:$D, 4, FALSE) -> 0
A7: Music and Audio Processing | B7: 155 | C7: =VLOOKUP(A7,sonificationORaudification!$A:$D, 3, FALSE) -> Y | D7: =VLOOKUP(A7,sonificationORaudification!$A:$D, 4, FALSE) -> 0
A8: Noise Effects and Management | B8: 141 | C8: =VLOOKUP(A8,sonificationORaudification!$A:$D, 3, FALSE) -> Y | D8: =VLOOKUP(A8,sonificationORaudification!$A:$D, 4, FALSE) -> 0
A9: Data Visualization and Analytics | B9: 129 | C9: =VLOOKUP(A9,sonificationORaudification!$A:$D, 3, FALSE) -> Y | D9: =VLOOKUP(A9,sonificationORaudification!$A:$D, 4, FALSE) -> 0
A10: EEG and Brain-Computer Interfaces | B10: 118 | C10: =VLOOKUP(A10,sonificationORaudification!$A:$D, 3, FALSE) -> Y | D10: =VLOOKUP(A10,sonificationORaudification!$A:$D, 4, FALSE) -> 0
A11: Healthcare Technology and Patient Monitoring | B11: 103 | C11: =VLOOKUP(A11,sonificationORaudification!$A:$D, 3, FALSE) -> Y | D11: =VLOOKUP(A11,sonificationORaudification!$A:$D, 4, FALSE) -> Although, as might be expected quite a few papers about using sonification of bodily measurements to monitor patients' condition
A12: Neuroscience and Music Perception | B12: 92 | C12: =VLOOKUP(A12,sonificationORaudification!$A:$D, 3, FALSE) -> Y | D12: =VLOOKUP(A12,sonificationORaudification!$A:$D, 4, FALSE) -> 0
A13: Innovative Human-Technology Interaction | B13: 82 | C13: =VLOOKUP(A13,sonificationORaudification!$A:$D, 3, FALSE) -> Y | D13: =VLOOKUP(A13,sonificationORaudification!$A:$D, 4, FALSE) -> 0
... A70: Advanced Optical Imaging Technologies | B70: 11 | C70: =VLOOKUP(A70,sonificationORaudification!$A:$D, 3, FALSE) -> Y | D70: =VLOOKUP(A70,sonificationORaudification!$A:$D, 4, FALSE) -> 0
A71: Spatial Cognition and Navigation | B71: 11 | C71: Y | D71: -
A72: Personal Information Management and User Behavior | B72: 11 | C72: =VLOOKUP(A72,sonificationORaudification!$A:$D, 3, FALSE) -> Y | D72: =VLOOKUP(A72,sonificationORaudification!$A:$D, 4, FALSE) -> 0
A73: Visual Culture and Art Theory | B73: 11 | C73: =VLOOKUP(A73,sonificationORaudification!$A:$D, 3, FALSE) -> Y | D73: =VLOOKUP(A73,sonificationORaudification!$A:$D, 4, FALSE) -> 0
A74: Space Science and Extraterrestrial Life | B74: 11 | C74: =VLOOKUP(A74,sonificationORaudification!$A:$D, 3, FALSE) -> Y | D74: =VLOOKUP(A74,sonificationORaudification!$A:$D, 4, FALSE) -> 0
A75: History and Developments in Astronomy | B75: 11 | C75: =VLOOKUP(A75,sonificationORaudification!$A:$D, 3, FALSE) -> Y | D75: =VLOOKUP(A75,sonificationORaudification!$A:$D, 4, FALSE) -> 0
A76: Cybernetics and Technology in Society | B76: 11 | C76: =VLOOKUP(A76,sonificationORaudification!$A:$D, 3, FALSE) -> Y | D76: =VLOOKUP(A76,sonificationORaudification!$A:$D, 4, FALSE) -> 0
A77: Media, Communication, and Education | B77: 11 | C77: =VLOOKUP(A77,sonificationORaudification!$A:$D, 3, FALSE) -> Y | D77: =VLOOKUP(A77,sonificationORaudification!$A:$D, 4, FALSE) -> 0
A78: Photosynthetic Processes and Mechanisms | B78: 10 | C78: =VLOOKUP(A78,sonificationORaudification!$A:$D, 3, FALSE) -> N | D78: =VLOOKUP(A78,sonificationORaudification!$A:$D, 4, FALSE) -> 0
A79: Advanced Cellulose Research Studies | B79: 10 | C79: =VLOOKUP(A79,sonificationORaudification!$A:$D, 3, FALSE) -> N | D79: =VLOOKUP(A79,sonificationORaudification!$A:$D, 4, FALSE) -> 0
A80: Quantum Mechanics and Applications | B80: 10 | C80: =VLOOKUP(A80,sonificationORaudification!$A:$D, 3, FALSE) -> Y | D80: =VLOOKUP(A80,sonificationORaudification!$A:$D, 4, FALSE) -> 0
A81: Geographies of human-animal interactions | B81: 10 | C81: =VLOOKUP(A81,sonificationORaudification!$A:$D, 3, FALSE) -> Y | D81: =VLOOKUP(A81,sonificationORaudification!$A:$D, 4, FALSE) -> 0
A82: Machine Learning in Materials Science | B82: 10 | C82: =VLOOKUP(A82,sonificationORaudification!$A:$D, 3, FALSE) -> Y | D82: =VLOOKUP(A82,sonificationORaudification!$A:$D, 4, FALSE) -> 0
A83: Slime Mold and Myxomycetes Research | B83: 10 | C83: =VLOOKUP(A83,sonificationORaudification!$A:$D, 3, FALSE) -> Y | D83: =VLOOKUP(A83,sonificationORaudification!$A:$D, 4, FALSE) -> 0
... A85: Soil and Unsaturated Flow | B85: 9 | C85: =VLOOKUP(A85,sonificationORaudification!$A:$D, 3, FALSE) -> N | D85: =VLOOKUP(A85,sonificationORaudification!$A:$D, 4, FALSE) -> 0
A86: Visual and Cognitive Learning Processes | B86: 9 | C86: Y | D86: -
A87: Ergonomics and Musculoskeletal Disorders | B87: 9 | C87: Y | D87: -
A88: Diversity and Impact of Dance | B88: 9 | C88: =VLOOKUP(A88,sonificationORaudification!$A:$D, 3, FALSE) -> Y | D88: =VLOOKUP(A88,sonificationORaudification!$A:$D, 4, FALSE) -> If we are including sonification of movement
A89: Seismology and Earthquake Studies | B89: 9 | C89: =VLOOKUP(A89,sonificationORaudification!$A:$D, 3, FALSE) -> Y | D89: =VLOOKUP(A89,sonificationORaudification!$A:$D, 4, FALSE) -> 0
A90: Artistic and Creative Research | B90: 9 | C90: =VLOOKUP(A90,sonificationORaudification!$A:$D, 3, FALSE) -> Y | D90: =VLOOKUP(A90,sonificationORaudification!$A:$D, 4, FALSE) -> 0
A91: Radio, Podcasts, and Digital Media | B91: 9 | C91: =VLOOKUP(A91,sonificationORaudification!$A:$D, 3, FALSE) -> Y | D91: =VLOOKUP(A91,sonificationORaudification!$A:$D, 4, FALSE) -> 0
A92: Sound Studies and Aurality | B92: 9 | C92: =VLOOKUP(A92,sonificationORaudification!$A:$D, 3, FALSE) -> Y | D92: =VLOOKUP(A92,sonificationORaudification!$A:$D, 4, FALSE) -> 0
A93: Art, Technology, and Culture | B93: 9 | C93: =VLOOKUP(A93,sonificationORaudification!$A:$D, 3, FALSE) -> Y | D93: =VLOOKUP(A93,sonificationORaudification!$A:$D, 4, FALSE) -> 0
A94: Usability and User Interface Design | B94: 8 | C94: =VLOOKUP(A94,sonificationORaudification!$A:$D, 3, FALSE) -> Y | D94: =VLOOKUP(A94,sonificationORaudification!$A:$D, 4, FALSE) -> 0
A95: Biodiesel Production and Applications | B95: 8 | C95: =VLOOKUP(A95,sonificationORaudification!$A:$D, 3, FALSE) -> N | D95: =VLOOKUP(A95,sonificationORaudification!$A:$D, 4, FALSE) -> 0
A96: Posthumanist Ethics and Activism | B96: 8 | C96: =VLOOKUP(A96,sonificationORaudification!$A:$D, 3, FALSE) -> Y | D96: =VLOOKUP(A96,sonificationORaudification!$A:$D, 4, FALSE) -> 0
A97: Acoustic Wave Phenomena Research | B97: 8 | C97: =VLOOKUP(A97,sonificationORaudification!$A:$D, 3, FALSE) -> N | D97: =VLOOKUP(A97,sonificationORaudification!$A:$D, 4, FALSE) -> 0
A98: Microfluidic and Bio-sensing Technologies | B98: 8 | C98: =VLOOKUP(A98,sonificationORaudification!$A:$D, 3, FALSE) -> Y | D98: =VLOOKUP(A98,sonificationORaudification!$A:$D, 4, FALSE) -> new term: sonorization!
A99: Hearing Impairment and Communication | B99: 8 | C99: =VLOOKUP(A99,sonificationORaudification!$A:$D, 3, FALSE) -> Y | D99: =VLOOKUP(A99,sonificationORaudification!$A:$D, 4, FALSE) -> 0
... A116: Manufacturing Process and Optimization | B116: 7 | C116: =VLOOKUP(A116,sonificationORaudification!$A:$D, 3, FALSE) -> Y | D116: =VLOOKUP(A116,sonificationORaudification!$A:$D, 4, FALSE) -> 0
A117: Underwater Vehicles and Communication Systems | B117: 7 | C117: N | D117: dominated by underwater acoustics
A118: Digital Games and Media | B118: 7 | C118: =VLOOKUP(A118,sonificationORaudification!$A:$D, 3, FALSE) -> Y | D118: =VLOOKUP(A118,sonificationORaudification!$A:$D, 4, FALSE) -> one seems relevant: https://link.springer.com/article/10.1007/s00146-011-0358-y
A119: Video Analysis and Summarization | B119: 7 | C119: =VLOOKUP(A119,sonificationORaudification!$A:$D, 3, FALSE) -> Y | D119: =VLOOKUP(A119,sonificationORaudification!$A:$D, 4, FALSE) -> 0
A120: Geophysical Methods and Applications | B120: 7 | C120: Y | D120: but note papers about vibrations and measuring vibrations
A121: User Authentication and Security Systems | B121: 7 | C121: =VLOOKUP(A121,sonificationORaudification!$A:$D, 3, FALSE) -> Y | D121: =VLOOKUP(A121,sonificationORaudification!$A:$D, 4, FALSE) -> one entry repeated 3 times
A122: Aerospace and Aviation Technology | B122: 7 | C122: Y | D122: -
A123: Polar Research and Ecology | B123: 7 | C123: =VLOOKUP(A123,sonificationORaudification!$A:$D, 3, FALSE) -> Y | D123: =VLOOKUP(A123,sonificationORaudification!$A:$D, 4, FALSE) -> 0
A124: Maritime and Coastal Archaeology | B124: 7 | C124: =VLOOKUP(A124,sonificationORaudification!$A:$D, 3, FALSE) -> Y | D124: =VLOOKUP(A124,sonificationORaudification!$A:$D, 4, FALSE) -> 0
A125: Advanced Text Analysis Techniques | B125: 7 | C125: =VLOOKUP(A125,sonificationORaudification!$A:$D, 3, FALSE) -> Y | D125: =VLOOKUP(A125,sonificationORaudification!$A:$D, 4, FALSE) -> 0
A126: Human auditory perception and evaluation | B126: 7 | C126: Y | D126: -
A127: Cultural Insights and Digital Impacts | B127: 7 | C127: =VLOOKUP(A127,sonificationORaudification!$A:$D, 3, FALSE) -> Y | D127: =VLOOKUP(A127,sonificationORaudification!$A:$D, 4, FALSE) -> its all in french. the ones from CERN seem related.
A128: Environmental Monitoring and Data Management | B128: 7 | C128: =VLOOKUP(A128,sonificationORaudification!$A:$D, 3, FALSE) -> Y | D128: =VLOOKUP(A128,sonificationORaudification!$A:$D, 4, FALSE) -> 0
A129: Membrane Separation Technologies | B129: 6 | C129: =VLOOKUP(A129,sonificationORaudification!$A:$D, 3, FALSE) -> N | D129: =VLOOKUP(A129,sonificationORaudification!$A:$D, 4, FALSE) -> 0
A130: Essential Oils and Antimicrobial Activity | B130: 6 | C130: =VLOOKUP(A130,sonificationORaudification!$A:$D, 3, FALSE) -> N | D130: =VLOOKUP(A130,sonificationORaudification!$A:$D, 4, FALSE) -> 0
A131: Social Robot Interaction and HRI | B131: 6 | C131: Y | D131: -
A132: Ultrasound Imaging and Elastography | B132: 6 | C132: N | D132: ultrasound
A133: Image Retrieval and Classification Techniques | B133: 6 | C133: =VLOOKUP(A133,sonificationORaudification!$A:$D, 3, FALSE) -> Y | D133: =VLOOKUP(A133,sonificationORaudification!$A:$D, 4, FALSE) -> 0
A134: Complex Systems and Time Series Analysis | B134: 6 | C134: =VLOOKUP(A134,sonificationORaudification!$A:$D, 3, FALSE) -> Y | D134: =VLOOKUP(A134,sonificationORaudification!$A:$D, 4, FALSE) -> 0
A135: Theatre and Performance Studies | B135: 6 | C135: =VLOOKUP(A135,sonificationORaudification!$A:$D, 3, FALSE) -> Y | D135: =VLOOKUP(A135,sonificationORaudification!$A:$D, 4, FALSE) -> body movement direct sonification
A136: Hand Gesture Recognition Systems | B136: 6 | C136: =VLOOKUP(A136,sonificationORaudification!$A:$D, 3, FALSE) -> Y | D136: =VLOOKUP(A136,sonificationORaudification!$A:$D, 4, FALSE) -> 0
A137: Climate Change Communication and Perception | B137: 6 | C137: =VLOOKUP(A137,sonificationORaudification!$A:$D, 3, FALSE) -> Y | D137: =VLOOKUP(A137,sonificationORaudification!$A:$D, 4, FALSE) -> 0
A138: Evacuation and Crowd Dynamics | B138: 6 | C138: Y | D138: -
A139: Clay minerals and soil interactions | B139: 6 | C139: =VLOOKUP(A139,sonificationORaudification!$A:$D, 3, FALSE) -> N | D139: =VLOOKUP(A139,sonificationORaudification!$A:$D, 4, FALSE) -> 0
A140: Embodied and Extended Cognition | B140: 6 | C140: =VLOOKUP(A140,sonificationORaudification!$A:$D, 3, FALSE) -> Y | D140: =VLOOKUP(A140,sonificationORaudification!$A:$D, 4, FALSE) -> 0
A141: Food Quality and Safety Studies | B141: 6 | C141: =VLOOKUP(A141,sonificationORaudification!$A:$D, 3, FALSE) -> N | D141: =VLOOKUP(A141,sonificationORaudification!$A:$D, 4, FALSE) -> 0
A142: Earthquake Detection and Analysis | B142: 6 | C142: =VLOOKUP(A142,sonificationORaudification!$A:$D, 3, FALSE) -> Y | D142: =VLOOKUP(A142,sonificationORaudification!$A:$D, 4, FALSE) -> 0
A143: Neural Networks and Reservoir Computing | B143: 6 | C143: =VLOOKUP(A143,sonificationORaudification!$A:$D, 3, FALSE) -> Y | D143: =VLOOKUP(A143,sonificationORaudification!$A:$D, 4, FALSE) -> 0
A144: Arduino and IoT Applications | B144: 6 | C144: =VLOOKUP(A144,sonificationORaudification!$A:$D, 3, FALSE) -> Y | D144: =VLOOKUP(A144,sonificationORaudification!$A:$D, 4, FALSE) -> One zenodo entry is repeated 5 times, but looks relevant.
A145: Natural Products and Applications | B145: 6 | C145: =VLOOKUP(A145,sonificationORaudification!$A:$D, 3, FALSE) -> N | D145: =VLOOKUP(A145,sonificationORaudification!$A:$D, 4, FALSE) -> 0
A146: Technology and Human Factors in Education and Health | B146: 6 | C146: =VLOOKUP(A146,sonificationORaudification!$A:$D, 3, FALSE) -> Y | D146: =VLOOKUP(A146,sonificationORaudification!$A:$D, 4, FALSE) -> 0
A147: Geology and Paleoclimatology Research | B147: 5 | C147: =VLOOKUP(A147,sonificationORaudification!$A:$D, 3, FALSE) -> Y | D147: =VLOOKUP(A147,sonificationORaudification!$A:$D, 4, FALSE) -> 3 are relevant
A148: Phytochemicals and Antioxidant Activities | B148: 5 | C148: =VLOOKUP(A148,sonificationORaudification!$A:$D, 3, FALSE) -> N | D148: =VLOOKUP(A148,sonificationORaudification!$A:$D, 4, FALSE) -> 0
A149: Neural and Behavioral Psychology Studies | B149: 5 | C149: N | D149: just about perception
A150: Advanced Photocatalysis Techniques | B150: 5 | C150: =VLOOKUP(A150,sonificationORaudification!$A:$D, 3, FALSE) -> N | D150: =VLOOKUP(A150,sonificationORaudification!$A:$D, 4, FALSE) -> 0
A151: Sperm and Testicular Function | B151: 5 | C151: =VLOOKUP(A151,sonificationORaudification!$A:$D, 3, FALSE) -> N | D151: =VLOOKUP(A151,sonificationORaudification!$A:$D, 4, FALSE) -> 0
A152: Solar and Space Plasma Dynamics | B152: 5 | C152: =VLOOKUP(A152,sonificationORaudification!$A:$D, 3, FALSE) -> Y | D152: =VLOOKUP(A152,sonificationORaudification!$A:$D, 4, FALSE) -> 0
A153: Cutaneous Melanoma Detection and Management | B153: 5 | C153: =VLOOKUP(A153,sonificationORaudification!$A:$D, 3, FALSE) -> Y | D153: =VLOOKUP(A153,sonificationORaudification!$A:$D, 4, FALSE) -> 0
A154: Natural Fiber Reinforced Composites | B154: 5 | C154: =VLOOKUP(A154,sonificationORaudification!$A:$D, 3, FALSE) -> N | D154: =VLOOKUP(A154,sonificationORaudification!$A:$D, 4, FALSE) -> 0
A155: RNA and protein synthesis mechanisms | B155: 5 | C155: =VLOOKUP(A155,sonificationORaudification!$A:$D, 3, FALSE) -> Y | D155: =VLOOKUP(A155,sonificationORaudification!$A:$D, 4, FALSE) -> 1/3 relevant
A156: Glycosylation and Glycoproteins Research | B156: 5 | C156: =VLOOKUP(A156,sonificationORaudification!$A:$D, 3, FALSE) -> N | D156: =VLOOKUP(A156,sonificationORaudification!$A:$D, 4, FALSE) -> 0
A157: Emotion and Mood Recognition | B157: 5 | C157: =VLOOKUP(A157,sonificationORaudification!$A:$D, 3, FALSE) -> Y | D157: =VLOOKUP(A157,sonificationORaudification!$A:$D, 4, FALSE) -> 0
A158: Analytical Chemistry and Chromatography | B158: 5 | C158: =VLOOKUP(A158,sonificationORaudification!$A:$D, 3, FALSE) -> N | D158: =VLOOKUP(A158,sonificationORaudification!$A:$D, 4, FALSE) -> 0
A159: Microbial Metabolic Engineering and Bioproduction | B159: 5 | C159: N | D159: ultrasound
A160: Phase Change Materials Research | B160: 5 | C160: =VLOOKUP(A160,sonificationORaudification!$A:$D, 3, FALSE) -> N | D160: =VLOOKUP(A160,sonificationORaudification!$A:$D, 4, FALSE) -> 0
A161: Olfactory and Sensory Function Studies | B161: 5 | C161: Y | D161: -
A162: Advanced Malware Detection Techniques | B162: 5 | C162: =VLOOKUP(A162,sonificationORaudification!$A:$D, 3, FALSE) -> Y | D162: =VLOOKUP(A162,sonificationORaudification!$A:$D, 4, FALSE) -> 0
A163: Soil and Water Nutrient Dynamics | B163: 5 | C163: =VLOOKUP(A163,sonificationORaudification!$A:$D, 3, FALSE) -> N | D163: =VLOOKUP(A163,sonificationORaudification!$A:$D, 4, FALSE) -> 0
A164: Microbial infections and disease research | B164: 5 | C164: N | D164: -
A165: Big Data and Business Intelligence | B165: 5 | C165: =VLOOKUP(A165,sonificationORaudification!$A:$D, 3, FALSE) -> Y | D165: =VLOOKUP(A165,sonificationORaudification!$A:$D, 4, FALSE) -> 4 seem to be assignments at university of sydney, perhaps for sonification course
A166: Pickering emulsions and particle stabilization | B166: 5 | C166: =VLOOKUP(A166,sonificationORaudification!$A:$D, 3, FALSE) -> N | D166: =VLOOKUP(A166,sonificationORaudification!$A:$D, 4, FALSE) -> Applying sonification seems to be a ultra-sound like technique
A167: Photoacoustic and Ultrasonic Imaging | B167: 5 | C167: N | D167: -
A168: Various Chemistry Research Topics | B168: 5 | C168: Y | D168: -
A169: Spacecraft Design and Technology | B169: 5 | C169: Y | D169: -
A170: Ecocriticism and Environmental Literature | B170: 5 | C170: Y | D170: -
A171: Digital Accessibility for Disabilities | B171: 5 | C171: Y | D171: -
A172: Water Quality Monitoring Technologies | B172: 5 | C172: Y | D172: -
A173: Electrohydrodynamics and Fluid Dynamics | B173: 5 | C173: =VLOOKUP(A173,sonificationORaudification!$A:$D, 3, FALSE) -> N | D173: =VLOOKUP(A173,sonificationORaudification!$A:$D, 4, FALSE) -> 0
...

Sheet sonificationORaudification
A1: name | B1: count | C1: Include? | D1: Note | G1: in allTerms?
A2: Tactile and Sensory Interactions | B2: 1119 | C2: Y | G2: =IF(ISNA(VLOOKUP(A2,allTerms!$A$2:$A$201, 1, FALSE)), "Missing", "Found") -> Found
A3: Music Technology and Sound Studies | B3: 710 | C3: Y | G3: =IF(ISNA(VLOOKUP(A3,allTerms!$A$2:$A$201, 1, FALSE)), "Missing", "Found") -> Found
A4: Data Visualization and Analytics | B4: 109 | C4: Y | G4: =IF(ISNA(VLOOKUP(A4,allTerms!$A$2:$A$201, 1, FALSE)), "Missing", "Found") -> Found | L4: {=_xlfn._xlws.FILTER(A1:A202,C1:C202="N")} -> Ultrasound and Cavitation Phenomena
A5: Multisensory perception and integration | B5: 106 | C5: Y | G5: =IF(ISNA(VLOOKUP(A5,allTerms!$A$2:$A$201, 1, FALSE)), "Missing", "Found") -> Found | L5: Ultrasound and Hyperthermia Applications
A6: Music and Audio Processing | B6: 104 | C6: Y | G6: =IF(ISNA(VLOOKUP(A6,allTerms!$A$2:$A$201, 1, FALSE)), "Missing", "Found") -> Found | L6: Carbon Nanotubes in Composites
A7: EEG and Brain-Computer Interfaces | B7: 96 | C7: Y | G7: =IF(ISNA(VLOOKUP(A7,allTerms!$A$2:$A$201, 1, FALSE)), "Missing", "Found") -> Found | L7: Analytical chemistry methods development
A8: Neuroscience and Music Perception | B8: 69 | C8: Y | G8: =IF(ISNA(VLOOKUP(A8,allTerms!$A$2:$A$201, 1, FALSE)), "Missing", "Found") -> Found | L8: Anaerobic Digestion and Biogas Production
A9: Noise Effects and Management | B9: 68 | C9: Y | G9: =IF(ISNA(VLOOKUP(A9,allTerms!$A$2:$A$201, 1, FALSE)), "Missing", "Found") -> Found | L9: Advanced Polymer Synthesis and Characterization
A10: Plant and Biological Electrophysiology Studies | B10: 62 | C10: Y | D10: Topic title doesn't seem to have much to do with the papers which do include ones on sonification | G10: =IF(ISNA(VLOOKUP(A10,allTerms!$A$2:$A$201, 1, FALSE)), "Missing", "Found") -> Found | L10: Advanced Cellulose Research Studies
A11: Action Observation and Synchronization | B11: 53 | C11: y | G11: =IF(ISNA(VLOOKUP(A11,allTerms!$A$2:$A$201, 1, FALSE)), "Missing", "Found") -> Found | L11: Biodiesel Production and Applications
A12: Healthcare Technology and Patient Monitoring | B12: 50 | C12: Y | D12: Although, as might be expected quite a few papers about using sonification of bodily measurements to monitor patients' condition | G12: =IF(ISNA(VLOOKUP(A12,allTerms!$A$2:$A$201, 1, FALSE)), "Missing", "Found") -> Found | L12: biodegradable polymer synthesis and properties
A13: Innovative Human-Technology Interaction | B13: 49 | C13: Y | G13: =IF(ISNA(VLOOKUP(A13,allTerms!$A$2:$A$201, 1, FALSE)), "Missing", "Found") -> Found | L13: Soil and Unsaturated Flow
A14: Diverse Musicological Studies | B14: 49 | C14: Y | G14: =IF(ISNA(VLOOKUP(A14,allTerms!$A$2:$A$201, 1, FALSE)), "Missing", "Found") -> Found | L14: Orthopedic Infections and Treatments
A15: Human-Automation Interaction and Safety | B15: 37 | C15: Y | G15: =IF(ISNA(VLOOKUP(A15,allTerms!$A$2:$A$201, 1, FALSE)), "Missing", "Found") -> Found | L15: Nanofluid Flow and Heat Transfer
A16: Music Therapy and Health | B16: 36 | C16: Y | D16: Quite a lot about moving to sounds for rehabilitation | G16: =IF(ISNA(VLOOKUP(A16,allTerms!$A$2:$A$201, 1, FALSE)), "Missing", "Found") -> Found | L16: Photosynthetic Processes and Mechanisms
A17: Design Education and Practice | B17: 31 | C17: y | G17: =IF(ISNA(VLOOKUP(A17,allTerms!$A$2:$A$201, 1, FALSE)), "Missing", "Found") -> Found | L17: Algal biology and biofuel production
A18: Ultrasound and Cavitation Phenomena | B18: 29 | C18: N | G18: =IF(ISNA(VLOOKUP(A18,allTerms!$A$2:$A$201, 1, FALSE)), "Missing", "Found") -> Found | L18: Soil Carbon and Nitrogen Dynamics
A19: Interactive and Immersive Displays | B19: 22 | C19: Y | G19: =IF(ISNA(VLOOKUP(A19,allTerms!$A$2:$A$201, 1, FALSE)), "Missing", "Found") -> Found | L19: Membrane Separation Technologies
A20: Virtual Reality Applications and Impacts | B20: 21 | C20: Y | G20: =IF(ISNA(VLOOKUP(A20,allTerms!$A$2:$A$201, 1, FALSE)), "Missing", "Found") -> Found | L20: Essential Oils and Antimicrobial Activity
A21: Ultrasound and Hyperthermia Applications | B21: 20 | C21: N | G21: =IF(ISNA(VLOOKUP(A21,allTerms!$A$2:$A$201, 1, FALSE)), "Missing", "Found") -> Found | L21: Polymer Nanocomposites and Properties
A22: Underwater Acoustics Research | B22: 20 | C22: Y | D22: some of the papers are sonification of ocean data | G22: =IF(ISNA(VLOOKUP(A22,allTerms!$A$2:$A$201, 1, FALSE)), "Missing", "Found") -> Found | L22: Ultrasonics and Acoustic Wave Propagation
A23: Architecture and Computational Design | B23: 20 | C23: Y | G23: =IF(ISNA(VLOOKUP(A23,allTerms!$A$2:$A$201, 1, FALSE)), "Missing", "Found") -> Found | L23: Phytochemicals and Antioxidant Activities
A24: Neural dynamics and brain function | B24: 19 | C24: Y | G24: =IF(ISNA(VLOOKUP(A24,allTerms!$A$2:$A$201, 1, FALSE)), "Missing", "Found") -> Found | L24: Advanced Photocatalysis Techniques
A25: 3D Surveying and Cultural Heritage | B25: 19 | C25: Y | G25: =IF(ISNA(VLOOKUP(A25,allTerms!$A$2:$A$201, 1, FALSE)), "Missing", "Found") -> Found | L25: Supercapacitor Materials and Fabrication
A26: Vehicle Noise and Vibration Control | B26: 19 | C26: Y | D26: Mix of using sound in electric cars, but also sonification of data from cars | G26: =IF(ISNA(VLOOKUP(A26,allTerms!$A$2:$A$201, 1, FALSE)), "Missing", "Found") -> Found | L26: Oral microbiology and periodontitis research
A27: Stroke Rehabilitation and Recovery | B27: 18 | C27: Y | D27: sonification in rehab | G27: =IF(ISNA(VLOOKUP(A27,allTerms!$A$2:$A$201, 1, FALSE)), "Missing", "Found") -> Found | L27: Lipid Membrane Structure and Behavior
A28: Advanced Chemical Sensor Technologies | B28: 18 | C28: Y | D28: contains a few papers which are sonication, but also some sonification | G28: =IF(ISNA(VLOOKUP(A28,allTerms!$A$2:$A$201, 1, FALSE)), "Missing", "Found") -> Found | L28: Natural Fiber Reinforced Composites
A29: Time Series Analysis and Forecasting | B29: 18 | C29: Y | G29: =IF(ISNA(VLOOKUP(A29,allTerms!$A$2:$A$201, 1, FALSE)), "Missing", "Found") -> Found | L29: Cinema and Media Studies
A30: Phonocardiography and Auscultation Techniques | B30: 18 | C30: y | G30: =IF(ISNA(VLOOKUP(A30,allTerms!$A$2:$A$201, 1, FALSE)), "Missing", "Found") -> Found | L30: Analytical Chemistry and Chromatography
A31: Hearing Loss and Rehabilitation | B31: 16 | C31: Y | D31: Chris: Includes sonification handbook! Carol: papers broader than topic would suggest and include sonification | G31: =IF(ISNA(VLOOKUP(A31,allTerms!$A$2:$A$201, 1, FALSE)), "Missing", "Found") -> Found | L31: Phase Change Materials Research
A32: Augmented Reality Applications | B32: 16 | C32: Y | G32: =IF(ISNA(VLOOKUP(A32,allTerms!$A$2:$A$201, 1, FALSE)), "Missing", "Found") -> Found | L32: Clay minerals and soil interactions
A33: Balance, Gait, and Falls Prevention | B33: 14 | C33: Y | G33: =IF(ISNA(VLOOKUP(A33,allTerms!$A$2:$A$201, 1, FALSE)), "Missing", "Found") -> Found | L33: Food Quality and Safety Studies
A34: ECG Monitoring and Analysis | B34: 14 | C34: y | G34: =IF(ISNA(VLOOKUP(A34,allTerms!$A$2:$A$201, 1, FALSE)), "Missing", "Found") -> Found | L34: Electrohydrodynamics and Fluid Dynamics
A35: Computational Physics and Python Applications | B35: 14 | C35: y | G35: =IF(ISNA(VLOOKUP(A35,allTerms!$A$2:$A$201, 1, FALSE)), "Missing", "Found") -> Found | L35: Material Properties and Applications
A36: Cognitive Science and Education Research | B36: 14 | C36: y | G36: =IF(ISNA(VLOOKUP(A36,allTerms!$A$2:$A$201, 1, FALSE)), "Missing", "Found") -> Found | L36: Natural Products and Applications
A37: Carbon Nanotubes in Composites | B37: 13 | C37: N | G37: =IF(ISNA(VLOOKUP(A37,allTerms!$A$2:$A$201, 1, FALSE)), "Missing", "Found") -> Found | L37: Advancements in Battery Materials
A38: Teleoperation and Haptic Systems | B38: 13 | C38: y | G38: =IF(ISNA(VLOOKUP(A38,allTerms!$A$2:$A$201, 1, FALSE)), "Missing", "Found") -> Found | L38: Neuroscience and Neuropharmacology Research
A39: Human Motion and Animation | B39: 13 | C39: y | G39: =IF(ISNA(VLOOKUP(A39,allTerms!$A$2:$A$201, 1, FALSE)), "Missing", "Found") -> Found | L39: Nanoparticles: synthesis and applications
A40: Analytical chemistry methods development | B40: 12 | C40: N | G40: =IF(ISNA(VLOOKUP(A40,allTerms!$A$2:$A$201, 1, FALSE)), "Missing", "Found") -> Found | L40: Graphene research and applications
A41: Musicology and Musical Analysis | B41: 12 | C41: Y | G41: =IF(ISNA(VLOOKUP(A41,allTerms!$A$2:$A$201, 1, FALSE)), "Missing", "Found") -> Found | L41: Sperm and Testicular Function
A42: Music History and Culture | B42: 12 | C42: Y | D42: a couple of sonification papers included | G42: =IF(ISNA(VLOOKUP(A42,allTerms!$A$2:$A$201, 1, FALSE)), "Missing", "Found") -> Found | L42: Gold and Silver Nanoparticles Synthesis and Applications
A43: Software Engineering Research | B43: 11 | C43: Y | G43: =IF(ISNA(VLOOKUP(A43,allTerms!$A$2:$A$201, 1, FALSE)), "Missing", "Found") -> Found | L43: Aquatic Ecosystems and Phytoplankton Dynamics
A44: Anaerobic Digestion and Biogas Production | B44: 11 | C44: N | G44: =IF(ISNA(VLOOKUP(A44,allTerms!$A$2:$A$201, 1, FALSE)), "Missing", "Found") -> Found | L44: Mycotoxins in Agriculture and Food
A45: Advanced Polymer Synthesis and Characterization | B45: 11 | C45: N | G45: =IF(ISNA(VLOOKUP(A45,allTerms!$A$2:$A$201, 1, FALSE)), "Missing", "Found") -> Found | L45: Wastewater Treatment and Nitrogen Removal
A46: Language, Metaphor, and Cognition | B46: 11 | C46: Y | G46: =IF(ISNA(VLOOKUP(A46,allTerms!$A$2:$A$201, 1, FALSE)), "Missing", "Found") -> Found | L46: Glycosylation and Glycoproteins Research
A47: Speech and dialogue systems | B47: 11 | C47: Y | D47: a few sonification papers included | G47: =IF(ISNA(VLOOKUP(A47,allTerms!$A$2:$A$201, 1, FALSE)), "Missing", "Found") -> Found | L47: Conducting polymers and applications
A48: Multimedia Communication and Technology | B48: 11 | C48: Y | G48: =IF(ISNA(VLOOKUP(A48,allTerms!$A$2:$A$201, 1, FALSE)), "Missing", "Found") -> Found | L48: Advancements in Transdermal Drug Delivery
A49: Advanced Cellulose Research Studies | B49: 10 | C49: N | G49: =IF(ISNA(VLOOKUP(A49,allTerms!$A$2:$A$201, 1, FALSE)), "Missing", "Found") -> Found | L49: Acoustic Wave Phenomena Research
A50: Marine animal studies overview | B50: 10 | C50: Y | G50: =IF(ISNA(VLOOKUP(A50,allTerms!$A$2:$A$201, 1, FALSE)), "Missing", "Found") -> Found | L50: Soil and Water Nutrient Dynamics
A51: Motor Control and Adaptation | B51: 10 | C51: Y | G51: =IF(ISNA(VLOOKUP(A51,allTerms!$A$2:$A$201, 1, FALSE)), "Missing", "Found") -> Found | L51: Bee Products Chemical Analysis
A52: BIM and Construction Integration | B52: 10 | C52: Y | G52: =IF(ISNA(VLOOKUP(A52,allTerms!$A$2:$A$201, 1, FALSE)), "Missing", "Found") -> Found | L52: Pickering emulsions and particle stabilization
A53: Machine Learning in Materials Science | B53: 10 | C53: Y | G53: =IF(ISNA(VLOOKUP(A53,allTerms!$A$2:$A$201, 1, FALSE)), "Missing", "Found") -> Found | L53: Adsorption and biosorption for pollutant removal
A54: Visual Culture and Art Theory | B54: 10 | C54: Y | G54: =IF(ISNA(VLOOKUP(A54,allTerms!$A$2:$A$201, 1, FALSE)), "Missing", "Found") -> Found | L54: Nanoparticle-Based Drug Delivery
A55: Hermeneutics and Narrative Identity | B55: 10 | C55: Y | D55: although also includes a paper on isolation of E.Coli resistant to sonic disintegration! | G55: =IF(ISNA(VLOOKUP(A55,allTerms!$A$2:$A$201, 1, FALSE)), "Missing", "Found") -> Found | L55: Luminescence Properties of Advanced Materials
A56: Science Education and Perceptions | B56: 10 | C56: Y | G56: =IF(ISNA(VLOOKUP(A56,allTerms!$A$2:$A$201, 1, FALSE)), "Missing", "Found") -> Found | L56: Biofuel production and bioconversion
A57: Neural Networks and Applications | B57: 9 | C57: Y | G57: =IF(ISNA(VLOOKUP(A57,allTerms!$A$2:$A$201, 1, FALSE)), "Missing", "Found") -> Found | L57: Drug Solubulity and Delivery Systems
A58: Quantum Mechanics and Applications | B58: 9 | C58: Y | G58: =IF(ISNA(VLOOKUP(A58,allTerms!$A$2:$A$201, 1, FALSE)), "Missing", "Found") -> Found | L58: Cell death mechanisms and regulation
A59: Heart Rate Variability and Autonomic Control | B59: 9 | C59: Y | G59: =IF(ISNA(VLOOKUP(A59,allTerms!$A$2:$A$201, 1, FALSE)), "Missing", "Found") -> Found | L59: Mitochondrial Function and Pathology
A60: Seismic Waves and Analysis | B60: 9 | C60: Y | G60: =IF(ISNA(VLOOKUP(A60,allTerms!$A$2:$A$201, 1, FALSE)), "Missing", "Found") -> Found | L60: Immune Response and Inflammation
A61: Media, Communication, and Education | B61: 9 | C61: Y | G61: =IF(ISNA(VLOOKUP(A61,allTerms!$A$2:$A$201, 1, FALSE)), "Missing", "Found") -> Found | L61: Postharvest Quality and Shelf Life Management
A62: Advanced Sensor and Energy Harvesting Materials | B62: 8 | C62: Y | D62: One sonification paper https://www.cell.com/matter/fulltext/S2590-2385(21)00455-0 | G62: =IF(ISNA(VLOOKUP(A62,allTerms!$A$2:$A$201, 1, FALSE)), "Missing", "Found") -> Found | L62: Ion channel regulation and function
A63: Biodiesel Production and Applications | B63: 8 | C63: N | G63: =IF(ISNA(VLOOKUP(A63,allTerms!$A$2:$A$201, 1, FALSE)), "Missing", "Found") -> Found | L63: Advanced Proteomics Techniques and Applications
A64: biodegradable polymer synthesis and properties | B64: 8 | C64: N | G64: =IF(ISNA(VLOOKUP(A64,allTerms!$A$2:$A$201, 1, FALSE)), "Missing", "Found") -> Found | L64: Bacterial biofilms and quorum sensing
A65: Soil and Unsaturated Flow | B65: 8 | C65: N | G65: =IF(ISNA(VLOOKUP(A65,allTerms!$A$2:$A$201, 1, FALSE)), "Missing", "Found") -> Found | L65: Surfactants and Colloidal Systems
A66: Orthopedic Infections and Treatments | B66: 8 | C66: N | G66: =IF(ISNA(VLOOKUP(A66,allTerms!$A$2:$A$201, 1, FALSE)), "Missing", "Found") -> Found | L66: RNA Interference and Gene Delivery
A67: Microbial Inactivation Methods | B67: 8 | C67: Y | G67: =IF(ISNA(VLOOKUP(A67,allTerms!$A$2:$A$201, 1, FALSE)), "Missing", "Found") -> Found | L67: Platelet Disorders and Treatments
A68: Color perception and design | B68: 8 | C68: Y | G68: =IF(ISNA(VLOOKUP(A68,allTerms!$A$2:$A$201, 1, FALSE)), "Missing", "Found") -> Found | L68: Advanced Drug Delivery Systems
A69: Space Science and Extraterrestrial Life | B69: 8 | C69: Y | G69: =IF(ISNA(VLOOKUP(A69,allTerms!$A$2:$A$201, 1, FALSE)), "Missing", "Found") -> Found
A70: History and Developments in Astronomy | B70: 8 | C70: Y | G70: =IF(ISNA(VLOOKUP(A70,allTerms!$A$2:$A$201, 1, FALSE)), "Missing", "Found") -> Found
A71: Cell Image Analysis Techniques | B71: 8 | C71: Y | D71: Notice that the results also include referee reports which we probably don't want to include in analysis. | G71: =IF(ISNA(VLOOKUP(A71,allTerms!$A$2:$A$201, 1, FALSE)), "Missing", "Found") -> Found
A72: Nanofluid Flow and Heat Transfer | B72: 7 | C72: N | G72: =IF(ISNA(VLOOKUP(A72,allTerms!$A$2:$A$201, 1, FALSE)), "Missing", "Found") -> Found
A73: Photosynthetic Processes and Mechanisms | B73: 7 | C73: N | G73: =IF(ISNA(VLOOKUP(A73,allTerms!$A$2:$A$201, 1, FALSE)), "Missing", "Found") -> Found
A74: Algal biology and biofuel production | B74: 7 | C74: N | G74: =IF(ISNA(VLOOKUP(A74,allTerms!$A$2:$A$201, 1, FALSE)), "Missing", "Found") -> Found
A75: Muscle activation and electromyography studies | B75: 7 | C75: Y | G75: =IF(ISNA(VLOOKUP(A75,allTerms!$A$2:$A$201, 1, FALSE)), "Missing", "Found") -> Found
A76: Sport Psychology and Performance | B76: 7 | C76: Y | G76: =IF(ISNA(VLOOKUP(A76,allTerms!$A$2:$A$201, 1, FALSE)), "Missing", "Found") -> Found
A77: Microfluidic and Bio-sensing Technologies | B77: 7 | C77: Y | D77: new term: sonorization! | G77: =IF(ISNA(VLOOKUP(A77,allTerms!$A$2:$A$201, 1, FALSE)), "Missing", "Found") -> Found
A78: Animal Vocal Communication and Behavior | B78: 7 | C78: Y | G78: =IF(ISNA(VLOOKUP(A78,allTerms!$A$2:$A$201, 1, FALSE)), "Missing", "Found") -> Found
A79: Cybernetics and Technology in Society | B79: 7 | C79: Y | G79: =IF(ISNA(VLOOKUP(A79,allTerms!$A$2:$A$201, 1, FALSE)), "Missing", "Found") -> Found
A80: Radio, Podcasts, and Digital Media | B80: 7 | C80: Y | G80: =IF(ISNA(VLOOKUP(A80,allTerms!$A$2:$A$201, 1, FALSE)), "Missing", "Found") -> Found
A81: Slime Mold and Myxomycetes Research | B81: 7 | C81: Y | G81: =IF(ISNA(VLOOKUP(A81,allTerms!$A$2:$A$201, 1, FALSE)), "Missing", "Found") -> Found
A82: Cultural Insights and Digital Impacts | B82: 7 | C82: Y | D82: its all in french. the ones from CERN seem related. | G82: =IF(ISNA(VLOOKUP(A82,allTerms!$A$2:$A$201, 1, FALSE)), "Missing", "Found") -> Found
A83: Safety Warnings and Signage | B83: 7 | C83: Y | D83: thought it would be earcons, but some are related to broader data sonification | G83: =IF(ISNA(VLOOKUP(A83,allTerms!$A$2:$A$201, 1, FALSE)), "Missing", "Found") -> Found
A84: Simulation and Modeling Applications | B84: 7 | C84: Y | G84: =IF(ISNA(VLOOKUP(A84,allTerms!$A$2:$A$201, 1, FALSE)), "Missing", "Found") -> Found
A85: Environmental Monitoring and Data Management | B85: 7 | C85: Y | G85: =IF(ISNA(VLOOKUP(A85,allTerms!$A$2:$A$201, 1, FALSE)), "Missing", "Found") -> Found
A86: Soil Carbon and Nitrogen Dynamics | B86: 6 | C86: N | G86: =IF(ISNA(VLOOKUP(A86,allTerms!$A$2:$A$201, 1, FALSE)), "Missing", "Found") -> Found
A87: Membrane Separation Technologies | B87: 6 | C87: N | G87: =IF(ISNA(VLOOKUP(A87,allTerms!$A$2:$A$201, 1, FALSE)), "Missing", "Found") -> Found
A88: Essential Oils and Antimicrobial Activity | B88: 6 | C88: N | G88: =IF(ISNA(VLOOKUP(A88,allTerms!$A$2:$A$201, 1, FALSE)), "Missing", "Found") -> Found
A89: Polymer Nanocomposites and Properties | B89: 6 | C89: N | G89: =IF(ISNA(VLOOKUP(A89,allTerms!$A$2:$A$201, 1, FALSE)), "Missing", "Found") -> Found
A90: Advanced Vision and Imaging | B90: 6 | C90: Y | G90: =IF(ISNA(VLOOKUP(A90,allTerms!$A$2:$A$201, 1, FALSE)), "Missing", "Found") -> Found
A91: Ultrasonics and Acoustic Wave Propagation | B91: 6 | C91: N | G91: =IF(ISNA(VLOOKUP(A91,allTerms!$A$2:$A$201, 1, FALSE)), "Missing", "Found") -> Found
A92: Posthumanist Ethics and Activism | B92: 6 | C92: Y | G92: =IF(ISNA(VLOOKUP(A92,allTerms!$A$2:$A$201, 1, FALSE)), "Missing", "Found") -> Found
A93: Complex Systems and Time Series Analysis | B93: 6 | C93: Y | G93: =IF(ISNA(VLOOKUP(A93,allTerms!$A$2:$A$201, 1, FALSE)), "Missing", "Found") -> Found
A94: Hearing Impairment and Communication | B94: 6 | C94: Y | G94: =IF(ISNA(VLOOKUP(A94,allTerms!$A$2:$A$201, 1, FALSE)), "Missing", "Found") -> Found
A95: Hand Gesture Recognition Systems | B95: 6 | C95: Y | G95: =IF(ISNA(VLOOKUP(A95,allTerms!$A$2:$A$201, 1, FALSE)), "Missing", "Found") -> Found
... A99: Artistic and Creative Research | B99: 6 | C99: Y | G99: =IF(ISNA(VLOOKUP(A99,allTerms!$A$2:$A$201, 1, FALSE)), "Missing", "Found") -> Found
A100: Arduino and IoT Applications | B100: 6 | C100: Y | D100: One zenodo entry is repeated 5 times, but looks relevant. | G100: =IF(ISNA(VLOOKUP(A100,allTerms!$A$2:$A$201, 1, FALSE)), "Missing", "Found") -> Found
A101: Art, Technology, and Culture | B101: 6 | C101: Y | G101: =IF(ISNA(VLOOKUP(A101,allTerms!$A$2:$A$201, 1, FALSE)), "Missing", "Found") -> Found
A102: Geology and Paleoclimatology Research | B102: 5 | C102: Y | D102: 3 are relevant | G102: =IF(ISNA(VLOOKUP(A102,allTerms!$A$2:$A$201, 1, FALSE)), "Missing", "Found") -> Found
A103: Phytochemicals and Antioxidant Activities | B103: 5 | C103: N | G103: =IF(ISNA(VLOOKUP(A103,allTerms!$A$2:$A$201, 1, FALSE)), "Missing", "Found") -> Found
...
